SITE_ID,LAT_DD,LONG_DD,BIOME,VEG_TYPE,SPECIES,MNGMT
4,-27.75,152.45,Grassland,Grassland,Heteropogon sp.,N/A
5,-27.03,152.02,Grassland,Grassland,Heteropogon sp.,N/A
6,-26.76,148.82,Grassland,Grassland,Cenchrus ciliaris,N/A
7,-26.58,148.77,Grassland,Grassland,Thyridolepis mitchell,N/A
8,-26.48,148.68,Grassland,Grassland,Dicanthium sp.,N/A
9,-26.4,146.27,Grassland,semi-arid grassland,Thyridolepis mitchelliana (C3),undisturbed until late 1800s?
10,-25.67,151.75,Grassland,Grassland,N/A,N/A
11,-25.08,146.5,Grassland,Grassland,Cenchrus ciliaris,N/A
14,-24.19,150.69,Grassland,Grassland,N/A,N/A
15,-24.16,150.95,Grassland,Grassland,N/A,N/A
16,-23.3,150.51,Grassland,Grassland,N/A,N/A
17,-22.37,146.69,Grassland,Grassland,Enneapogon sp.,N/A
18,-20.98,141.8,Grassland,Grassland,Thyridolepis mitchell,N/A
21,-18.12,140.88,Grassland,Grassland,Thyridolepis mitchell,N/A
23,-11.48,27.6,Tropical,miombo woodland,Marquesia macroura,N/A
24,-6,145.18,Tropical,montane rain forest,Dacrycarpus cinctus/ Podocarpus arc,N/A
26,-3,-59.7,Tropical,Tropical forest,N/A,N/A
28,-2.98,-47.52,Tropical,Tropical forest,N/A,N/A
30,-2.5,-60,Tropical,Tropical forest,N/A,N/A
33,1.93,-67.05,Tropical,Tropical forest,Eperua leucantha,N/A
34,2.98,102.31,Tropical,dipterocarp forest,Shorea spp./ Dipterocarpus spp.,N/A
36,5.25,-55.75,Tropical,Tropical forest,N/A,N/A
40,5.7,-4.1,Tropical,equatorial forest,Dacroydes klaineana,N/A
41,6.15,-0.92,Tropical,secondary forest,Diospyros spp.,N/A
42,6.22,-5.03,Grassland,humid savanna,Louditia simplex (C4),annual fire in February
44,6.39,-73.56,Tropical,tropical seasonal evergreen,Jessenia polycarpa,N/A
46,7.58,99.8,Tropical,undisturbed rainforest,Eugenia clarkeana and others,N/A
49,8.62,-71.35,Tropical,Montane tropical forest,Podocarpus rospigliosi,N/A
51,8.93,-67.42,Grassland,closed bush island savanna,Trachypogon vestitus (C4),grazing/fire
55,10.43,-83.98,Tropical,tropical lowland forest,Carapa guianensis and others,N/A
56,12.08,75.7,Tropical,Tropical forest,N/A,N/A
57,12.82,75.6,Tropical,Tropical forest,N/A,N/A
58,13.25,75.25,Tropical,Tropical forest,N/A,N/A
59,13.52,75.1,Tropical,Tropical forest,N/A,N/A
64,18.3,-65.7,Tropical,Tropical forest,Cyrilla racemiflora,N/A
67,19.46,-98.91,Grassland,saline grassland,Distichlis spicata (C4),alluvial plain drained 1911; fire eve
68,19.5,-105.05,Tropical,Tropical forest,N/A,N/A
73,24.3,83,Grassland,derived savanna,Heteropogon contortus (C4),annual grazing for 30-40 years
76,32.6,-106.85,Grassland,desert grassland,Bouteloua eriopoda (C4),annual grazing
78,35.3,-101.53,Grassland,shortgrass prairie,Bouteloua gracilis (C4),annual grazing
80,35.96,-84.29,Temperate,Temperate Forest,Quercus spp. / Liriod,N/A
82,36.95,-96.55,Grassland,tallgrass prairie,Andropogon scoparius (C4),annual grazing
84,38.87,-99.38,Grassland,mixed prairie,Andropogon scoparius (C4),annual grazing
87,40.82,-104.77,Grassland,shortgrass prairie,Bouteloua gracilis (C4),annual grazing
90,43.95,-101.87,Grassland,mixed prairie,Agropyron smithii (C3),annual grazing
91,44.29,-121.33,Temperate,Temperate coniferous fore,Juniperus occidentali,N/A
92,44.42,-121.84,Temperate,Temperate coniferous fore,Tsuga mertensiana,N/A
93,44.42,-121.67,Temperate,Temperate coniferous fore,Pinus ponderosa,N/A
94,44.6,-123.27,Temperate,Temperate coniferous fore,Pseudotsuga menziesii,N/A
95,44.68,-122.61,Temperate,Temperate coniferous fore,Pseudotsuga menziesii,N/A
96,45.05,-123.96,Temperate,Temperate coniferous fore,Tsuga heterophylla,N/A
99,45.78,-110.78,Grassland,mountain grassland,Festuca idahoensis (C3),annual grazing
100,46.1,123,Grassland,meadow steppe,Filifolium sibiricum and others (C3,moderate grazing
103,46.9,-102.82,Grassland,mixed prairie,Agropyron smithii (C3),annual grazing
107,47.5,-93.5,Boreal Fo,Boreal Forest / Evergreen,Picea mariana,N/A
111,49,123,Boreal Fo,Boreal Forest / Deciduous,Larix gmelinii,N/A
114,50,121.3,Boreal Fo,Boreal Forest / Deciduous,Larix gmelinii,N/A
115,50.2,-115.5,Boreal Fo,western montane forest,Pinus contorta,N/A
116,50.7,-107.72,Grassland,mixed grassland,Agropyron spp. (C3),moderate/heavy grazing 1905-1961; the
117,50.83,121.5,Boreal Fo,Boreal Forest / Deciduous,Larix gmelinii,N/A
120,51.67,36.5,Grassland,meadow steppe,Bromus riparius (C3),annual mowing
121,51.67,71,Grassland,dry steppe,Stipa zalesskyi (C3),annual grazing
122,51.83,94.42,Grassland,ultra-continental steppe,Agropyron crystatum (C3),Annual grazing
123,52.2,121.8,Boreal Fo,Boreal Forest / Deciduous,Larix gmelinii,N/A
124,53,103,Boreal Fo,Boreal Forest / Evergreen,Pinus sylvestris,N/A
125,53.63,-106.2,Boreal Fo,N/A,Populus tremuloides,N/A
126,53.92,-104.69,Boreal Fo,N/A,Pinus banksiana,N/A
127,53.99,-105.12,Boreal Fo,N/A,Picea mariana,N/A
129,55.88,-98.48,Boreal Fo,N/A,Picea mariana,N/A
130,55.89,-98.67,Boreal Fo,N/A,Populus tremuloides,N/A
131,55.93,-98.62,Boreal Fo,N/A,Pinus banksiana,N/A
133,58,83,Boreal Fo,Boreal Forest / Evergreen,Pinus sylvestris,N/A
137,60.82,16.5,Boreal Fo,coniferous forest,Pinus sylvestris,N/A
139,60.85,128.27,Boreal Fo,Boreal Forest / Deciduous,Larix gmelinii,N/A
140,62,34,Boreal Fo,N/A,Picea abies,N/A
141,62.85,30.88,Boreal Fo,Boreal Forest / Deciduous,Betula pubescens,N/A
142,64,-148,Boreal Fo,Boreal Forest / Evergreen,Picea mariana,N/A
143,64.12,19.45,Boreal Fo,boreal forest,Picea abies,planted 4-yr old seedlings in 1963 af
144,64.67,47.5,Boreal Fo,Boreal Forest / Evergreen,Picea abies,N/A
145,64.75,-148.25,Boreal Fo,Boreal forest,Picea glauca/ P. mariana,N/A
146,66.37,29.32,Boreal Fo,old spruce forest,Picea excelsa,N/A
